molecule_chembl_id,canonical_smiles,class,MW,LogP,NumHDonors,NumHAcceptors,pIC50
CHEMBL297835,N=C(N)c1cccc(Oc2ccccc2NC(=O)c2ccc(-c3ccccc3S(N)(=O)=O)cc2)c1,active,486.55300000000017,4.329670000000002,4.0,5.0,6.6020599913279625
CHEMBL273264,N=C(N)Nc1ccc(C(=O)Oc2ccc3cc(C(=N)N)ccc3c2)cc1,active,347.37800000000004,2.648440000000001,5.0,4.0,6.187086643357144
CHEMBL21052,Cc1cc(C(=O)Nc2ccc(C3=NCCN3C)cc2F)n(-c2cc3ccccc3cc2F)n1,inactive,445.4730000000001,4.556420000000004,1.0,5.0,5.0
CHEMBL20918,Cc1cc(C(=O)Nc2ccc(C(=N)N(C)C)cc2F)n(-c2ccc3cc(Cl)ccc3c2)n1,inactive,449.91700000000014,5.265690000000004,2.0,4.0,5.0
CHEMBL279486,CN(C)C(=N)c1ccc(NC(=O)c2cc(C(F)(F)F)nn2-c2cc3ccccc3cc2F)c(F)c1,inactive,487.4320000000001,5.461770000000003,2.0,4.0,5.0
CHEMBL21140,Cc1cc(C(=O)Nc2ccc(C(=N)N(C)C)cc2F)n(-c2cc3ccccc3cc2F)n1,inactive,433.46200000000016,4.751390000000003,2.0,4.0,5.0
CHEMBL2371651,CC(C)C[C@H](NC(=O)OCc1ccccc1)C(=O)N[C@H](C(=O)N[C@H](C=O)CCCN=C(N)N)C(C)C,inactive,504.6320000000003,1.2056000000000024,5.0,6.0,4.950781977329818
CHEMBL2371642,CC(C)C[C@H](NC(=O)OCc1ccccc1)C(=O)N[C@@H](CC(C)C)C(=O)N[C@H](C=O)CCCN,inactive,476.6180000000003,2.281000000000002,4.0,6.0,4.533132379645891
CHEMBL2371636,CC(=O)N[C@@H](CC(C)C)C(=O)N[C@@H](CC(C)C)C(=O)N[C@H](C=O)CCCNC(N)=O,inactive,427.54600000000016,0.2003000000000043,5.0,5.0,4.489454989793388
CHEMBL3143648,CC(C)C[C@H](NC(=O)[C@H](Cc1ccccc1)NC(=O)OCc1ccccc1)C(=O)N[C@H](C=O)CCCN=C(N)N,inactive,552.6760000000002,1.7923000000000016,5.0,6.0,4.590066876668706
CHEMBL3143643,CC(C)C[C@H](NC(=O)OCc1ccccc1)C(=O)N[C@@H](Cc1ccccc1)C(=O)N[C@H](C=O)CCCN,inactive,510.6350000000003,2.4776000000000007,4.0,6.0,4.084072788302884
CHEMBL2371625,CC(C)C[C@H](NC(=O)OCc1ccccc1)C(=O)N[C@H](C(=O)N[C@H](C=O)CCCCN)C(C)C,inactive,476.6180000000003,2.2810000000000015,4.0,6.0,4.8297382846050425
CHEMBL3143649,CC(C)C[C@H](NC(=O)OCc1ccccc1)C(=O)N[C@@H](Cc1ccccc1)C(=O)N[C@H](C=O)CCCN=C(N)N,inactive,552.676,1.7923000000000016,5.0,6.0,4.47755576649368
CHEMBL3143647,CC(C)C[C@H](NC(=O)OCc1ccccc1)C(=O)N[C@@H](CC(C)C)C(=O)N[C@H](C=O)CCCN=C(N)N,inactive,518.6590000000002,1.5957000000000028,5.0,6.0,4.443697499232712
CHEMBL2371655,CC(C)C[C@H](NC(=O)OCc1ccccc1)C(=O)N[C@H](C(=O)N[C@H](C=O)CCCN)C(C)C,inactive,462.59100000000024,1.8909000000000014,4.0,6.0,4.269217724333611
CHEMBL3143639,CC(C)C[C@H](NC(=O)[C@H](Cc1ccccc1)NC(=O)OCc1ccccc1)C(=O)N[C@H](C=O)CCCCN,inactive,524.6620000000003,2.867700000000001,4.0,6.0,4.59176003468815
CHEMBL3143646,CC(C)C[C@H](NC(=O)[C@H](Cc1ccccc1)NC(=O)OCc1ccccc1)C(=O)N[C@H](C=O)CCCN,inactive,510.63500000000033,2.4776000000000007,4.0,6.0,4.928117992693875
CHEMBL3143642,CC(C)C[C@H](NC(=O)OCc1ccccc1)C(=O)N[C@@H](Cc1ccccc1)C(=O)N[C@H](C=O)CCCCN,inactive,524.6620000000003,2.867700000000001,4.0,6.0,4.692503962086787
CHEMBL2371644,CC(C)C[C@H](NC(=O)OCc1ccccc1)C(=O)N[C@@H](CC(C)C)C(=O)N[C@H](C=O)CCCCN,inactive,490.6450000000003,2.671100000000002,4.0,6.0,4.721246399047171
CHEMBL297423,Cc1cc(C(=O)Nc2ccc(-c3ccccc3S(N)(=O)=O)cc2)n(-c2cc3ccccc3cc2CN)n1,inactive,511.6070000000003,4.359320000000002,3.0,6.0,4.958607314841775
CHEMBL41982,Cc1cc(C(=O)Nc2ccc(-c3ccccc3S(N)(=O)=O)cc2)n(-c2cc3ccccc3cc2F)n1,inactive,500.55500000000023,5.039720000000003,2.0,5.0,4.958607314841775
CHEMBL44830,Cc1cc(C(=O)Nc2ccc(-c3ccccc3S(N)(=O)=O)cc2)n(-c2cc3ccccc3cc2S(C)(=O)=O)n1,inactive,560.6570000000003,4.304120000000002,2.0,7.0,4.958607314841775
CHEMBL279519,Cc1cc(C(=O)Nc2ccc(-c3ccccc3S(N)(=O)=O)cc2)n(-c2ccc3cc(Cl)ccc3c2)n1,inactive,517.0100000000002,5.554020000000003,2.0,5.0,4.958607314841775
CHEMBL42702,Cc1cc(C(=O)Nc2ccc(-c3ccccc3S(N)(=O)=O)cc2)n(-c2cc3ccccc3cc2C(=O)O)n1,inactive,526.5740000000003,4.598820000000003,3.0,6.0,4.958607314841775
CHEMBL431127,Cc1cc(C(=O)Nc2ccc(-c3ccccc3S(N)(=O)=O)cc2)n(-c2cc3ccccc3cc2O)n1,inactive,498.56400000000025,4.606220000000003,3.0,6.0,4.958607314841775
CHEMBL44859,Cc1cc(C(=O)Nc2ccc(-c3ccccc3S(N)(=O)=O)cc2)n(-c2cc3ccccc3cc2C(N)=O)n1,inactive,525.5900000000003,3.9995200000000013,3.0,6.0,4.958607314841775
CHEMBL297616,Cc1cc(C(=O)Nc2ccc(-c3ccccc3S(N)(=O)=O)cc2)n(-c2ccc3cc(Br)ccc3c2)n1,inactive,561.4610000000001,5.663120000000004,2.0,5.0,4.958607314841775
CHEMBL295297,Cc1cc(C(=O)Nc2ccc(-c3ccccc3S(N)(=O)=O)cc2)n(-c2cc3ccccc3cc2C2=NCCN2)n1,inactive,550.6440000000002,4.250420000000002,3.0,7.0,4.958607314841775
CHEMBL44753,Cc1cc(C(=O)Nc2ccc(-c3ccccc3S(N)(=O)=O)cc2)n(-c2ccc3cc(O)ccc3c2)n1,inactive,498.56400000000025,4.606220000000004,3.0,6.0,4.958607314841775
CHEMBL47250,Cc1cc(C(=O)Nc2ccc(-c3ccccc3S(N)(=O)=O)cc2)n(-c2ccc3ccccc3c2)n1,inactive,482.5650000000002,4.9006200000000035,2.0,5.0,4.958607314841775
CHEMBL44764,Cc1cc(C(=O)Nc2ccc(-c3ccccc3S(N)(=O)=O)cc2)n(-c2cc3ccccc3cc2C(=N)N)n1,inactive,524.6060000000002,4.184690000000001,4.0,6.0,4.958607314841775
CHEMBL416820,Cc1cc(C(=O)Nc2ccc(-c3ccccc3S(N)(=O)=O)cc2)n(-c2cc3ccccc3cc2C(=N)N(C)C)n1,inactive,552.6600000000002,4.7875900000000025,3.0,6.0,4.958607314841775
CHEMBL297251,Cc1cc(C(=O)Nc2ccc(-c3ccccc3S(N)(=O)=O)cc2)n(-c2cc3ccccc3cc2C#N)n1,inactive,507.5750000000003,4.772300000000003,2.0,6.0,4.958607314841775
CHEMBL295034,Cc1cc(C(=O)Nc2ccc(-c3ccccc3S(N)(=O)=O)cc2)n(-c2cc3ccccc3cc2S(N)(=O)=O)n1,inactive,561.6450000000002,3.54802,3.0,7.0,4.958607314841775
CHEMBL435765,COc1ccc2cc(-n3nc(C)cc3C(=O)Nc3ccc(-c4ccccc4S(N)(=O)=O)cc3)ccc2c1,inactive,512.5910000000002,4.909220000000002,2.0,6.0,4.958607314841775
CHEMBL416097,Cc1cc(C(=O)Nc2ccc(-c3ccccc3S(N)(=O)=O)cc2)n(-c2cc3ccccc3cc2CO)n1,inactive,512.5910000000002,4.392920000000003,3.0,6.0,4.958607314841775
CHEMBL298259,COC(=O)c1cc2ccccc2cc1-n1nc(C)cc1C(=O)Nc1ccc(-c2ccccc2S(N)(=O)=O)cc1,inactive,540.6010000000002,4.687220000000003,2.0,7.0,4.958607314841775
CHEMBL44897,Cc1cc(C(=O)Nc2ccc(-c3ccccc3S(N)(=O)=O)cc2)n(-c2cc3ccccc3cc2Br)n1,inactive,561.4610000000001,5.663120000000003,2.0,5.0,4.958607314841775
CHEMBL20934,Cc1cc(C(=O)Nc2ccc(-c3ccccc3CN)cc2F)n(-c2cc3ccccc3cc2F)n1,inactive,468.5070000000001,5.990120000000003,2.0,4.0,5.0
CHEMBL20766,Cc1cc(C(=O)Nc2ccc(-c3ccccc3CN(C)C)cc2F)n(-c2cc3ccccc3cc2S(C)(=O)=O)n1,inactive,556.6630000000002,5.857420000000006,1.0,6.0,5.0
CHEMBL85154,C=CCN(CC(=O)O)C(=O)/C(C)=C/c1ccc(C(=O)Oc2ccc(C(=N)N)cc2)cc1.CS(=O)(=O)O,inactive,421.45300000000015,2.6923700000000004,3.0,5.0,4.0
CHEMBL85136,C=CCN(CC(=O)OCC)C(=O)/C(C)=C/c1ccc(C(=O)Oc2ccc(C(=N)N)cc2)cc1.CS(=O)(=O)O,inactive,449.5070000000002,3.1708700000000007,2.0,6.0,4.804100347590766
CHEMBL20604,Cc1cc(C(=O)Nc2ccc(-c3ccccc3S(C)(=O)=O)cc2F)n(-c2cc3ccccc3cc2S(C)(=O)=O)n1,inactive,577.6590000000002,5.199320000000005,1.0,7.0,5.0
CHEMBL85164,CN(C)C(=O)COC(=O)Cc1ccc(OC(=O)c2ccc(NC(=N)N)cc2)cc1.CS(=O)(=O)O,inactive,398.41900000000004,1.3850699999999991,3.0,6.0,4.467245621007502
CHEMBL433135,CS(=O)(=O)O.N=C(N)Nc1ccc(C(=O)Oc2ccc(CC(=O)O)cc2)cc1,inactive,313.313,1.83827,4.0,4.0,4.0
CHEMBL281175,Cc1cc(C(=O)Nc2ccc(N3CCOCC3=O)cc2F)n(-c2cc3ccccc3cc2S(C)(=O)=O)n1,inactive,522.5580000000001,3.492020000000002,1.0,7.0,5.0
CHEMBL2338554,C/C=C1\NC(=O)[C@@H](NC(=O)[C@@H](NC(=O)[C@@H](COS(=O)(=O)[O-])OC)C(C)C)[C@@H](C)OC(=O)[C@H]([C@H](C)CC)NC(=O)[C@H](Cc2ccccc2)N(C)C(=O)[C@H](Cc2ccccc2)N2C(=O)[C@H](CC[C@H]2O)NC1=O.[Na+],inactive,999.1299999999998,-0.2933999999999852,6.0,15.0,5.0
CHEMBL3093806,CC(C)(C)C(=O)Oc1cn(-c2ccccc2)c(CSc2nc3cc(C(=O)O)ccc3o2)cc1=O,inactive,478.52600000000024,4.9207000000000045,1.0,8.0,4.301029995663981
CHEMBL3093814,CC(C)(C)C(=O)Oc1coc(CSc2nc3cc(C(=O)O)ccc3o2)cc1=O,inactive,403.41200000000015,3.7230000000000016,1.0,8.0,4.301029995663981
CHEMBL3093815,CC(C)(C)C(=O)Oc1coc(CSc2nc3ccccc3s2)cc1=O,inactive,375.47100000000006,4.493300000000003,0.0,7.0,4.301029995663981
CHEMBL3769636,O=C(NC(c1ccc(O)cc1)P(=O)(Oc1ccccc1)Oc1ccccc1)OCc1ccccc1,active,489.46400000000017,6.668300000000006,2.0,6.0,7.0655015487564325
CHEMBL239535,N=C(N)Nc1ccc(CC(NC(=O)OCc2ccccc2)P(=O)(Oc2ccccc2)Oc2ccccc2)cc1,inactive,544.5480000000002,6.1380700000000035,4.0,6.0,5.0
CHEMBL1184949,N=C(N)Nc1ccc(C(NC(=O)OCc2ccccc2)P(=O)(Oc2ccccc2)Oc2ccccc2)cc1,active,530.5210000000002,6.268070000000004,4.0,6.0,6.619788758288394
CHEMBL3771195,Nc1ccc(CC(NC(=O)OCc2ccccc2)P(=O)(Oc2ccccc2)Oc2ccccc2)cc1,inactive,502.5070000000002,6.414900000000005,2.0,6.0,5.0
CHEMBL3770879,Nc1ccc(C(NC(=O)OCc2ccccc2)P(=O)(Oc2ccccc2)Oc2ccccc2)cc1,inactive,488.4800000000002,6.544900000000005,2.0,6.0,5.0
CHEMBL239331,N=C(N)NCCCC(NC(=O)OCc1ccccc1)P(=O)(Oc1ccccc1)Oc1ccccc1,active,496.50400000000013,4.853270000000005,4.0,6.0,6.086186147616283
CHEMBL1179439,NCCCC(NC(=O)OCc1ccccc1)P(=O)(Oc1ccccc1)Oc1ccccc1,inactive,454.46300000000014,5.328900000000004,2.0,6.0,5.0
CHEMBL3891631,CC(C)(C(=O)NC1CCCCC1)N(C(=O)c1ccccc1)[C@H]1CO[C@H]2[C@@H]1OC[C@H]2OCc1ccccc1,inactive,506.64300000000026,4.107900000000003,1.0,5.0,3.3979400086720375
CHEMBL3951954,CC(C)(C(=O)NC1CCCCC1)N(C(=O)Cc1ccc(F)cc1)[C@H]1CO[C@H]2[C@@H]1OC[C@H]2OCc1ccccc1,inactive,538.6600000000003,4.175900000000003,1.0,5.0,3.6556077263148894
CHEMBL3963267,COc1ccc(CC(=O)N([C@H]2CO[C@H]3[C@@H]2OC[C@H]3OCc2ccccc2)C(C)(C)C(=O)NC2CCCCC2)cc1,inactive,550.6960000000004,4.045400000000002,1.0,6.0,3.9030899869919438
CHEMBL3901491,CC(C)(C(=O)NC1CCCCC1)N(C(=O)Cc1ccc(O)cc1)[C@H]1CO[C@H]2[C@@H]1OC[C@@H]2N(C(=O)Cc1ccc(O)cc1)C(C)(C)C(=O)NC1CCCCC1,inactive,746.9459999999999,4.530000000000003,4.0,8.0,4.899629454882437
CHEMBL3928260,CCOc1ccc(CC(=O)CNN(C(=O)CC)[C@@H](Cc2ccccc2)C(=O)NCc2ccc(CN)cc2)cc1,active,530.6690000000003,3.326500000000001,3.0,6.0,6.0
CHEMBL3922841,CCOc1ccc(C[C@@H](NC(=O)c2ccccc2)C(=O)N[C@@H](Cc2ccccc2)C(=O)NCc2ccc(CN)cc2)cc1,inactive,578.7130000000002,3.929000000000001,4.0,5.0,5.0
CHEMBL3950563,NCc1ccc(CNC(=O)[C@H](Cc2ccccc2)NC(=O)[C@@H](CC2CCCCC2)NCC(=O)O)cc1,inactive,494.6360000000004,2.5021999999999993,5.0,5.0,5.0
CHEMBL3949564,CCOc1ccc(C[C@@H](N)C(=O)N[C@@H](Cc2ccccc2)C(=O)NCc2ccc(CN)cc2)cc1,active,474.6050000000002,2.457700000000001,4.0,5.0,6.795880017344075
CHEMBL3975470,CCOc1ccc(C[C@@H](N)C(=O)N[C@@H](Cc2ccccc2)C(=O)NCc2ccc(CN)c(F)c2)cc1,active,492.5950000000002,2.596800000000001,4.0,5.0,6.0
CHEMBL3940605,CCOc1ccc(CC(=O)CNN(C(=O)CC)[C@@H](Cc2ccccc2)C(=O)NCc2ccc(CN)c(F)c2)cc1,active,548.6590000000003,3.4656000000000002,3.0,6.0,6.0
CHEMBL3966982,NCc1ccc(CNC(=O)[C@H](Cc2ccccc2)NC(=O)[C@H](N)CC2CCCCC2)cc1,active,436.60000000000036,2.7867000000000006,4.0,4.0,6.0
CHEMBL3965996,CN(C)[C@H](CC1CCCCC1)C(=O)N[C@@H](Cc1ccccc1)C(=O)NCc1ccc(CN)cc1,active,464.6540000000002,3.3896000000000006,3.0,4.0,6.0
CHEMBL3974980,CCOc1ccc(C[C@@H](NCC(=O)O)C(=O)N[C@@H](Cc2ccccc2)C(=O)NCc2ccc(CN)cc2)cc1,inactive,532.6410000000003,2.1732000000000022,5.0,6.0,5.0
CHEMBL3959923,CC(=O)CN([C@H](CC(N)=O)c1ccc(C(F)(F)F)cc1)[C@@H](Cc1ccc(Cl)c(Cl)c1)C(=O)NCc1ccc(CN)cc1,inactive,623.5029999999999,5.206100000000005,3.0,5.0,5.0
CHEMBL3952562,NCc1ccc(CNC(=O)[C@H](Cc2ccc(Cl)c(Cl)c2)N(CCC(N)=O)CC(=O)CC2CCCCC2)cc1,inactive,561.5540000000003,4.396500000000003,3.0,5.0,5.0
CHEMBL3906092,CCOc1ccc(CC(=O)CNN(C(=O)CC)[C@@H](Cc2ccccc2)C(=O)N(C)Cc2ccc(CN)cc2)cc1,inactive,544.6960000000004,3.6687000000000003,2.0,6.0,5.0
CHEMBL3967973,CCOc1ccc(CC(=O)CNCCC(=O)N(C)[C@@H](Cc2ccccc2)C(=O)NCc2ccc(CN)cc2)cc1,inactive,544.6960000000003,3.0214000000000008,3.0,6.0,5.0
CHEMBL3976494,CC(C)C[C@@H](NCC(=O)O)C(=O)N[C@@H](Cc1ccccc1)C(=O)NCc1ccc(CN)cc1,inactive,454.5710000000002,1.5779000000000036,5.0,5.0,5.0
CHEMBL3960087,CN(CC(=O)O)[C@H](CC1CCCCC1)C(=O)N[C@@H](Cc1ccccc1)C(=O)NCc1ccc(CN)cc1,inactive,508.66300000000024,2.844400000000001,4.0,5.0,5.0
CHEMBL3891007,CN(C(=O)[C@@H](CC1CCCCC1)NCC(=O)O)[C@@H](Cc1ccccc1)C(=O)NCc1ccc(CN)cc1,inactive,508.66300000000024,2.844400000000001,4.0,5.0,5.0
CHEMBL3939046,CCOc1ccc(CC(=O)CNCCC(=O)N(C)[C@@H](Cc2ccccc2)C(=O)NCc2ccc(CN)c(F)c2)cc1,inactive,562.6860000000003,3.1605000000000008,3.0,6.0,5.0
CHEMBL3901799,CN[C@H](CC1CCCCC1)C(=O)N[C@@H](Cc1ccccc1)C(=O)NCc1ccc(CN)cc1,inactive,450.62700000000024,3.0474000000000006,4.0,4.0,5.0
CHEMBL3906511,CCCN[C@H](Cc1ccc(OCC)cc1)C(=O)N(C)[C@@H](Cc1ccccc1)C(=O)NCc1ccc(CN)cc1,inactive,530.7130000000003,3.8408000000000007,3.0,5.0,5.0
CHEMBL3920607,CN(Cc1ccc(CN)cc1)C(=O)[C@H](Cc1ccccc1)NC(=O)[C@@H](CC1CCCCC1)NCC(=O)O,inactive,508.6630000000004,2.8444000000000003,4.0,5.0,5.0
CHEMBL3985122,CCCN[C@H](CC1CCCCC1)C(=O)N[C@@H](Cc1ccccc1)C(=O)NCc1ccc(CN)cc1,inactive,478.68100000000015,3.8276000000000003,4.0,4.0,5.0
CHEMBL3981977,CCOc1ccc(C[C@@H](NC(=O)c2ccccc2)C(=O)N(C)[C@@H](Cc2ccccc2)C(=O)NCc2ccc(CN)cc2)cc1,inactive,592.7400000000001,4.271200000000002,3.0,5.0,5.0
CHEMBL3982935,CCOc1ccc(C[C@@H](NC(C)=O)C(=O)N(C)[C@@H](Cc2ccccc2)C(=O)NCc2ccc(CN)cc2)cc1,inactive,530.6690000000003,2.9772999999999996,3.0,5.0,5.0
CHEMBL3890122,CN[C@H](CC1CCCCC1)C(=O)N[C@@H](Cc1ccccc1)C(=O)NCc1ccc(CN)c(F)c1,inactive,468.61700000000025,3.1865000000000006,4.0,4.0,5.0
CHEMBL3965108,CN(CC(=O)O)[C@H](CC1CCCCC1)C(=O)N[C@@H](Cc1ccccc1)C(=O)NCc1ccc(CN)c(F)c1,inactive,526.6530000000002,2.9835000000000003,4.0,5.0,5.0
CHEMBL3942375,CN(CC(=O)O)[C@H](CC1CCCCC1)C(=O)N[C@@H](Cc1ccc(Cl)c(Cl)c1)C(=O)NCc1ccc(CN)c(F)c1,inactive,595.543,4.290300000000003,4.0,5.0,5.0
CHEMBL3920409,CCOc1ccc(C[C@@H](NC(=O)C(C)C)C(=O)N(C)[C@@H](Cc2ccccc2)C(=O)NCc2ccc(CN)cc2)cc1,inactive,558.7230000000003,3.6134000000000004,3.0,5.0,5.0
CHEMBL3946061,CCCN(C)[C@H](CC1CCCCC1)C(=O)N[C@@H](Cc1ccccc1)C(=O)NCc1ccc(CN)cc1,inactive,492.7080000000002,4.169800000000002,3.0,4.0,5.0
CHEMBL3963952,COC(=O)CN[C@H](CC1CCCCC1)C(=O)N[C@@H](Cc1ccccc1)C(=O)NCc1ccc(CN)cc1,inactive,508.66300000000024,2.590600000000001,4.0,6.0,5.0
CHEMBL3963836,CN(CC(N)=O)[C@H](CC1CCCCC1)C(=O)N[C@@H](Cc1ccccc1)C(=O)NCc1ccc(CN)cc1,inactive,507.67900000000026,2.2451000000000025,4.0,5.0,5.0
CHEMBL3982425,CN(CCO)[C@H](CC1CCCCC1)C(=O)N[C@@H](Cc1ccccc1)C(=O)NCc1ccc(CN)cc1,inactive,494.6800000000002,2.7520999999999995,4.0,5.0,5.0
CHEMBL3970380,NCc1ccc(CNC(=O)[C@H](Cc2ccccc2)NC(=O)[C@@H](CC2CCCCC2)NCCO)cc1,inactive,480.6530000000004,2.4098999999999995,5.0,5.0,5.0
CHEMBL3981020,CCCN(CCC)[C@H](CC1CCCCC1)C(=O)N[C@@H](Cc1ccccc1)C(=O)NCc1ccc(CN)cc1,inactive,520.7620000000003,4.950000000000004,3.0,4.0,5.0
CHEMBL3952973,CCOc1ccc(C[C@@H](NC(=O)CC)C(=O)N2CC[C@H](c3ccccc3)[C@H]2C(=O)NCc2ccc(CN)cc2)cc1,inactive,556.7070000000003,3.682400000000002,3.0,5.0,5.0
CHEMBL3908476,CCOc1ccc(C[C@@H](NC(=O)NCc2ccccc2)C(=O)N[C@@H](Cc2ccccc2)C(=O)NCc2ccc(CN)cc2)cc1,inactive,607.7550000000001,3.998400000000001,5.0,5.0,5.0
CHEMBL3919496,CCOc1ccc(C[C@@H](NC(=O)Nc2ccccc2)C(=O)N[C@@H](Cc2ccccc2)C(=O)NCc2ccc(CN)cc2)cc1,inactive,593.7280000000002,4.320700000000002,5.0,5.0,5.0
CHEMBL3905366,CCOc1ccc(C[C@@H](NC(=O)c2ccncc2)C(=O)N[C@@H](Cc2ccccc2)C(=O)NCc2ccc(CN)cc2)cc1,inactive,579.7010000000002,3.3240000000000007,4.0,6.0,5.0
CHEMBL3963612,CCOc1ccc(C[C@@H](NC(=O)C2CC2)C(=O)N[C@@H](Cc2ccccc2)C(=O)NCc2ccc(CN)cc2)cc1,inactive,542.6800000000003,3.0252000000000008,4.0,5.0,5.0
CHEMBL3919885,CCOc1ccc(C[C@@H](NC(=O)C2CCCCC2)C(=O)N[C@@H](Cc2ccccc2)C(=O)NCc2ccc(CN)cc2)cc1,inactive,584.7610000000001,4.195500000000002,4.0,5.0,5.0
CHEMBL3930487,CCOc1ccc(C[C@@H](NC(=O)NC(C)C)C(=O)N[C@@H](Cc2ccccc2)C(=O)NCc2ccc(CN)cc2)cc1,inactive,559.7110000000004,3.2066000000000017,5.0,5.0,5.0
CHEMBL3904307,CCCCCCNC(=O)N[C@H](Cc1ccc(OCC)cc1)C(=O)N[C@@H](Cc1ccccc1)C(=O)NCc1ccc(CN)cc1,inactive,601.7920000000001,4.3785000000000025,5.0,5.0,5.0
CHEMBL3911020,CCOc1ccc(C[C@@H](NC(=O)c2ccc(OC(F)(F)F)cc2)C(=O)N[C@@H](Cc2ccccc2)C(=O)NCc2ccc(CN)cc2)cc1,inactive,662.709,4.827600000000003,4.0,6.0,5.0
CHEMBL3941624,CCOc1ccc(C[C@@H](NC(=O)c2ccccn2)C(=O)N[C@@H](Cc2ccccc2)C(=O)NCc2ccc(CN)cc2)cc1,inactive,579.7010000000002,3.3240000000000007,4.0,6.0,5.0
CHEMBL3903766,CCOc1ccc(C[C@@H](NC(=O)c2cc(C)nn2C)C(=O)N[C@@H](Cc2ccccc2)C(=O)NCc2ccc(CN)cc2)cc1,inactive,596.7320000000001,2.9709200000000013,4.0,7.0,5.0
CHEMBL3936141,CCOc1ccc(C[C@@H](NC(=O)c2cc3ccccc3s2)C(=O)N[C@@H](Cc2ccccc2)C(=O)NCc2ccc(CN)cc2)cc1,inactive,634.802,5.1437000000000035,4.0,6.0,5.0
CHEMBL3890018,CCOc1ccc(C[C@@H](NC(=O)CCc2ccccc2)C(=O)N[C@@H](Cc2ccccc2)C(=O)NCc2ccc(CN)cc2)cc1,inactive,606.767,4.248000000000002,4.0,5.0,5.0
CHEMBL3979372,CCOc1ccc(C[C@@H](NC(=O)c2cccc(Cl)c2)C(=O)N[C@@H](Cc2ccccc2)C(=O)NCc2ccc(CN)cc2)cc1,inactive,613.1580000000001,4.582400000000003,4.0,5.0,5.0
CHEMBL3973239,CCOc1ccc(C[C@@H](NC(=O)C23CC4CC(CC(C4)C2)C3)C(=O)N[C@@H](Cc2ccccc2)C(=O)NCc2ccc(CN)cc2)cc1,inactive,636.8370000000001,4.8316000000000034,4.0,5.0,5.0
CHEMBL3891594,CCOc1ccc(C[C@@H](NC(=O)c2cccc(C(F)(F)F)c2)C(=O)N[C@@H](Cc2ccccc2)C(=O)NCc2ccc(CN)cc2)cc1,inactive,646.7099999999999,4.9478000000000035,4.0,5.0,5.0
CHEMBL3900627,CCOc1ccc(C[C@@H](NC(=O)c2ccc(C)cc2)C(=O)N[C@@H](Cc2ccccc2)C(=O)NCc2ccc(CN)cc2)cc1,inactive,592.7400000000001,4.237420000000002,4.0,5.0,5.0
CHEMBL3976765,CCOc1ccc(C[C@@H](NC(=O)c2ccc(Cl)c(Cl)c2)C(=O)N[C@@H](Cc2ccccc2)C(=O)NCc2ccc(CN)cc2)cc1,inactive,647.603,5.235800000000003,4.0,5.0,5.0
CHEMBL3909690,CCOc1ccc(C[C@@H](NC(=O)c2cc(Cl)cc(Cl)c2)C(=O)N[C@@H](Cc2ccccc2)C(=O)NCc2ccc(CN)cc2)cc1,inactive,647.603,5.235800000000003,4.0,5.0,5.0
CHEMBL3984836,CCOc1ccc(C[C@@H](NC(=O)c2ccc(OC)cc2)C(=O)N[C@@H](Cc2ccccc2)C(=O)NCc2ccc(CN)cc2)cc1,inactive,608.739,3.9376000000000015,4.0,6.0,5.0
CHEMBL3915024,CCOc1ccc(C[C@@H](NC(=O)/C=C/c2ccccc2)C(=O)N[C@@H](Cc2ccccc2)C(=O)NCc2ccc(CN)cc2)cc1,inactive,604.7510000000001,4.3286000000000024,4.0,5.0,5.0
CHEMBL3906141,CCOc1ccc(C[C@@H](NC(=O)c2ccc(F)cc2)C(=O)N[C@@H](Cc2ccccc2)C(=O)NCc2ccc(CN)cc2)cc1,inactive,596.7030000000001,4.068100000000002,4.0,5.0,5.0
CHEMBL3909162,CCOc1ccc(C[C@@H](NC(=O)CNS(=O)(=O)c2ccc(C)cc2)C(=O)N[C@@H](Cc2ccccc2)C(=O)NCc2ccc(CN)cc2)cc1,inactive,685.847,2.9021200000000027,5.0,7.0,5.0
CHEMBL3900112,CCOc1ccc(C[C@@H](NC(=O)N(CC)Cc2ccccc2)C(=O)N[C@@H](Cc2ccccc2)C(=O)NCc2ccc(CN)cc2)cc1,inactive,635.809,4.730700000000002,4.0,5.0,5.0
CHEMBL3981083,CCOc1ccc(C[C@@H](NC(=O)c2ccc(C)nc2)C(=O)N[C@@H](Cc2ccccc2)C(=O)NCc2ccc(CN)cc2)cc1,inactive,593.7280000000002,3.6324200000000015,4.0,6.0,5.0
CHEMBL3920714,CCOc1ccc(C[C@@H](NC(=O)c2cccnc2C)C(=O)N[C@@H](Cc2ccccc2)C(=O)NCc2ccc(CN)cc2)cc1,inactive,593.7280000000002,3.6324200000000015,4.0,6.0,5.0
CHEMBL3954882,CCOc1ccc(C[C@@H](NC(=O)c2cc(F)nc(F)c2F)C(=O)N[C@@H](Cc2ccccc2)C(=O)NCc2ccc(CN)cc2)cc1,inactive,633.671,3.7413000000000016,4.0,6.0,5.0
CHEMBL3972346,CCOc1ccc(C[C@@H](NC(=O)CC(F)(F)F)C(=O)N[C@@H](Cc2ccccc2)C(=O)NCc2ccc(CN)cc2)cc1,inactive,584.6390000000001,3.5676000000000014,4.0,5.0,5.0
CHEMBL3946201,CCOc1ccc(C[C@@H](NC(=O)c2cc(C)nc(Cl)c2)C(=O)N[C@@H](Cc2ccccc2)C(=O)NCc2ccc(CN)cc2)cc1,inactive,628.1730000000001,4.285820000000003,4.0,6.0,5.0
CHEMBL3909502,CCOc1ccc(C[C@@H](NC(=O)c2sc(C)nc2C)C(=O)N[C@@H](Cc2ccccc2)C(=O)NCc2ccc(CN)cc2)cc1,inactive,613.7840000000001,4.002340000000002,4.0,7.0,5.0
CHEMBL3933875,CCOc1ccc(C[C@@H](NC(=O)c2cnc(C)s2)C(=O)N[C@@H](Cc2ccccc2)C(=O)NCc2ccc(CN)cc2)cc1,inactive,599.7570000000001,3.693920000000001,4.0,7.0,5.0
CHEMBL3967957,CCOc1ccc(C[C@@H](NC(=O)c2nc(C)oc2C)C(=O)N[C@@H](Cc2ccccc2)C(=O)NCc2ccc(CN)cc2)cc1,inactive,597.7160000000001,3.5338400000000014,4.0,7.0,5.0
CHEMBL3933551,CCOc1ccc(C[C@@H](NC(=O)c2ccc3nc(C)ccc3c2)C(=O)N[C@@H](Cc2ccccc2)C(=O)NCc2ccc(CN)cc2)cc1,inactive,643.788,4.785620000000003,4.0,6.0,5.0
CHEMBL3944522,CCOc1ccc(C[C@@H](NC(=O)c2ccco2)C(=O)N[C@@H](Cc2ccccc2)C(=O)NCc2ccc(CN)cc2)cc1,inactive,568.6740000000002,3.522000000000001,4.0,6.0,5.0
CHEMBL3981767,CCOc1ccc(C[C@@H](NC(=O)c2cccc(OC)n2)C(=O)N[C@@H](Cc2ccccc2)C(=O)NCc2ccc(CN)cc2)cc1,inactive,609.7270000000001,3.332600000000001,4.0,7.0,5.0
CHEMBL3980108,CCOc1ccc(C[C@@H](NC(=O)c2cncc(OC)c2)C(=O)N[C@@H](Cc2ccccc2)C(=O)NCc2ccc(CN)cc2)cc1,inactive,609.7270000000001,3.332600000000001,4.0,7.0,5.0
CHEMBL3919022,CCOc1ccc(C[C@@H](NC(=O)c2ccnc(OC)c2)C(=O)N[C@@H](Cc2ccccc2)C(=O)NCc2ccc(CN)cc2)cc1,inactive,609.7270000000001,3.332600000000001,4.0,7.0,5.0
CHEMBL3937012,NCc1ccc(CNC(=O)[C@H](Cc2ccccc2)NC(=O)[C@@H](CC2CCCCC2)NC(=O)c2ccccc2)cc1,inactive,540.7080000000004,4.258000000000002,4.0,4.0,5.0
CHEMBL3975256,NCc1ccc(CNC(=O)[C@H](Cc2ccccc2)NC(=O)[C@@H](Cc2ccc(Cl)cc2)NC(=O)c2ccccc2)cc1,inactive,569.1050000000002,4.183700000000003,4.0,4.0,5.0
CHEMBL3942437,NCc1ccc(CNC(=O)[C@H](Cc2ccccc2)NC(=O)[C@@H](Cc2ccc(OCc3ccc(Cl)cc3)cc2)NC(=O)c2ccccc2)cc1,inactive,675.2290000000003,5.762700000000005,4.0,5.0,5.0
CHEMBL3945815,NCc1ccc(CNC(=O)[C@H](Cc2ccccc2)NC(=O)[C@@H](Cc2ccc(O)cc2)NC(=O)c2ccccc2)cc1,inactive,550.6590000000003,3.235900000000001,5.0,5.0,5.0
CHEMBL3917930,NCc1ccc(CNC(=O)[C@H](Cc2ccccc2)NC(=O)[C@@H](Cc2ccc(OCc3ccc(F)cc3)cc2)NC(=O)c2ccccc2)cc1,inactive,658.7740000000003,5.248400000000005,4.0,5.0,5.0
CHEMBL3930711,NCc1ccc(CNC(=O)[C@H](Cc2ccccc2)NC(=O)[C@@H](Cc2ccc(OCc3ccccc3)cc2)NC(=O)c2ccccc2)cc1,inactive,640.7840000000003,5.109300000000004,4.0,5.0,5.0
CHEMBL3915184,CC(C)C[C@@H](NC(=O)c1ccccc1)C(=O)N[C@@H](Cc1ccccc1)C(=O)NCc1ccc(CN)cc1,inactive,500.6430000000003,3.333700000000001,4.0,4.0,5.0
CHEMBL3939729,NCc1ccc(CNC(=O)[C@H](Cc2ccccc2)NC(=O)[C@@H](Cc2ccc(OCc3c(Cl)cccc3Cl)cc2)NC(=O)c2ccccc2)cc1,inactive,709.6740000000003,6.416100000000006,4.0,5.0,5.0
CHEMBL3916435,Cc1ccc(C[C@@H](NC(=O)c2ccccc2)C(=O)N[C@@H](Cc2ccccc2)C(=O)NCc2ccc(CN)cc2)cc1,inactive,548.6870000000004,3.838720000000002,4.0,4.0,5.0
CHEMBL3944372,NCc1ccc(CNC(=O)[C@H](Cc2ccccc2)NC(=O)[C@@H](Cc2ccc(OCc3cccc(F)c3)cc2)NC(=O)c2ccccc2)cc1,inactive,658.7740000000003,5.248400000000005,4.0,5.0,5.0
CHEMBL3921913,COc1ccc(C[C@@H](NC(=O)c2ccccc2)C(=O)N[C@@H](Cc2ccccc2)C(=O)NCc2ccc(CN)cc2)cn1,inactive,565.6740000000002,2.9338999999999995,4.0,6.0,5.0
CHEMBL3925296,COc1ccc(C[C@@H](NC(=O)c2ccccc2)C(=O)N[C@@H](Cc2ccccc2)C(=O)NCc2ccc(CN)cc2)cc1,inactive,564.6860000000003,3.538900000000001,4.0,5.0,5.0
CHEMBL3894987,NCc1ccc(CNC(=O)[C@H](Cc2ccccc2)NC(=O)[C@@H](Cc2ccccc2)NC(=O)c2ccccc2)cc1,inactive,534.6600000000003,3.5303000000000013,4.0,4.0,5.0
CHEMBL3922966,CCOc1ccc(C[C@@H](NC(=O)c2ccccc2)C(=O)N[C@@H](Cc2ccccn2)C(=O)NCc2ccc(CN)cc2)cc1,inactive,579.7010000000002,3.3240000000000007,4.0,6.0,5.0
CHEMBL3956782,CCOc1ccc(C[C@@H](NC(=O)c2ccccc2)C(=O)N[C@@H](Cc2ccc(Cl)c(Cl)c2)C(=O)NCc2ccc(CN)cc2)cc1,inactive,647.603,5.235800000000004,4.0,5.0,5.0
CHEMBL3925810,CCOc1ccc(C[C@@H](NC(=O)c2ccccc2)C(=O)N[C@@H](Cc2ccc(Cl)cc2)C(=O)NCc2ccc(CN)cc2)cc1,inactive,613.158,4.582400000000003,4.0,5.0,5.0
CHEMBL3948130,CCOc1ccc(C[C@@H](NC(=O)c2ccccc2)C(=O)N[C@@H](Cc2ccc(F)cc2)C(=O)NCc2ccc(CN)cc2)cc1,inactive,596.7030000000001,4.068100000000002,4.0,5.0,5.0
CHEMBL3920310,CCOc1ccc(C[C@@H](NC(=O)c2ccccc2)C(=O)N[C@@H](Cc2cccc(C(F)(F)F)c2)C(=O)NCc2ccc(CN)cc2)cc1,inactive,646.7099999999999,4.9478000000000035,4.0,5.0,5.0
CHEMBL3963941,CCOc1ccc(C[C@@H](NC(=O)c2ccccc2)C(=O)N[C@@H](Cc2cccnc2)C(=O)NCc2ccc(CN)cc2)cc1,inactive,579.7010000000002,3.3240000000000007,4.0,6.0,5.0
CHEMBL3976464,CCOc1ccc(C[C@@H](NC(=O)c2ccccc2)C(=O)N[C@@H](Cc2ccc(OC)cc2)C(=O)NCc2ccc(CN)cc2)cc1,inactive,608.7390000000001,3.9376000000000015,4.0,6.0,5.0
CHEMBL3962188,CCOc1ccc(C[C@@H](NC(=O)c2ccccc2)C(=O)N[C@@H](Cc2ccncc2)C(=O)NCc2ccc(CN)cc2)cc1,inactive,579.7010000000002,3.3240000000000007,4.0,6.0,5.0
CHEMBL3983769,CCOc1ccc(C[C@@H](NC(=O)c2ccccc2)C(=O)N[C@@H](Cc2ccc(C(F)(F)F)cc2)C(=O)NCc2ccc(CN)cc2)cc1,inactive,646.7099999999999,4.9478000000000035,4.0,5.0,5.0
CHEMBL3923740,CCOc1ccc(C[C@@H](NC(=O)c2ccccc2)C(=O)N[C@@H](Cc2cccc(F)c2)C(=O)NCc2ccc(CN)cc2)cc1,inactive,596.7030000000001,4.068100000000002,4.0,5.0,5.0
CHEMBL3905897,CCOc1ccc(C[C@@H](NC(=O)c2ccccc2)C(=O)N[C@@H](Cc2cccs2)C(=O)NCc2ccc(CN)cc2)cc1,inactive,584.7420000000001,3.9905000000000017,4.0,6.0,5.0
CHEMBL3905124,CCOc1ccc(C[C@@H](NC(=O)c2ccccc2)C(=O)N[C@@H](Cc2ccsc2)C(=O)NCc2ccc(CN)cc2)cc1,inactive,584.7420000000001,3.9905000000000017,4.0,6.0,5.0
CHEMBL3906312,CCOc1ccc(C[C@@H](NC(=O)c2ccccc2)C(=O)N[C@@H](Cc2cscn2)C(=O)NCc2ccc(CN)cc2)cc1,inactive,585.7300000000001,3.3855000000000004,4.0,7.0,5.0
CHEMBL3899667,CCOc1ccc(C[C@@H](NC(=O)c2ccccc2)C(=O)N[C@@H](Cc2csc3ccccc23)C(=O)NCc2ccc(CN)cc2)cc1,inactive,634.802,5.1437000000000035,4.0,6.0,5.0
CHEMBL3927690,CCOc1ccc(C[C@@H](NC(=O)c2ccccc2)C(=O)N[C@@H](Cc2ccccc2)C(=O)NCc2ccc(CN)c(F)c2)cc1,inactive,596.7030000000002,4.068100000000002,4.0,5.0,5.0
CHEMBL3898464,CCOc1ccc(C[C@@H](NC(=O)c2ccccc2)C(=O)N[C@@H](Cc2ccccc2)C(=O)NCc2ccc(CN)c(Cl)c2)cc1,inactive,613.1580000000001,4.582400000000003,4.0,5.0,5.0
CHEMBL3922983,CCOc1ccc(C[C@@H](NC(=O)c2ccccc2)C(=O)N[C@@H](Cc2ccccc2)C(=O)NCc2ccc(CN)c(C(F)(F)F)c2)cc1,inactive,646.7100000000003,4.9478000000000035,4.0,5.0,5.0
CHEMBL3983810,CCOc1ccc(C[C@@H](NC(=O)c2ccccn2)C(=O)N[C@@H](Cc2cccs2)C(=O)NCc2ccc(CN)cc2)cc1,inactive,585.7300000000001,3.3855000000000004,4.0,7.0,5.0
CHEMBL3914001,CCOc1ccc(C[C@@H](NC(=O)c2ccc(OC)cc2)C(=O)N[C@@H](Cc2ccccn2)C(=O)NCc2ccc(CN)cc2)cc1,inactive,609.7270000000001,3.332600000000001,4.0,7.0,5.0
CHEMBL3968374,CCOc1ccc(C[C@@H](NC(=O)c2ccccn2)C(=O)N[C@@H](Cc2ccccc2)C(=O)NCc2ccc(CN)c(Cl)c2)cc1,inactive,614.1460000000002,3.977400000000001,4.0,6.0,5.0
CHEMBL3900760,CCOc1ccc(C[C@@H](NC(=O)c2ccc(OC)cc2)C(=O)N[C@@H](Cc2cccnc2)C(=O)NCc2ccc(CN)cc2)cc1,inactive,609.7270000000001,3.332600000000001,4.0,7.0,5.0
CHEMBL3909215,CCOc1ccc(C[C@@H](NC(=O)c2cccs2)C(=O)N[C@@H](Cc2cccnc2)C(=O)NCc2ccc(CN)cc2)cc1,inactive,585.7300000000001,3.3855000000000004,4.0,7.0,5.0
CHEMBL3968325,CCOc1ccc(C[C@@H](NC(=O)c2ccc(Cl)cc2)C(=O)N[C@@H](Cc2ccccn2)C(=O)NCc2ccc(CN)cc2)cc1,inactive,614.1460000000001,3.977400000000002,4.0,6.0,5.0
CHEMBL3914569,CCOc1ccc(C[C@@H](NC(=O)c2ccc(C)cc2)C(=O)N[C@@H](Cc2ccccn2)C(=O)NCc2ccc(CN)cc2)cc1,inactive,593.7280000000002,3.6324200000000015,4.0,6.0,5.0
CHEMBL3923453,CCOc1ccc(C[C@@H](NC(=O)c2ccccn2)C(=O)N[C@@H](Cc2ccc(Cl)c(Cl)c2)C(=O)NCc2ccc(CN)cc2)cc1,inactive,648.591,4.630800000000003,4.0,6.0,5.0
CHEMBL3895464,CCOc1ccc(CC(=O)CN(CCC(N)=O)[C@@H](Cc2ccccn2)C(=O)NCc2ccc(CN)cc2)cc1,inactive,531.6570000000003,2.155700000000002,3.0,7.0,5.0
CHEMBL3932405,CCOc1ccc(C[C@@H](NC(=O)c2ccncc2)C(=O)N[C@@H](Cc2ccccc2)C(=O)NCc2ccc(CN)c(F)c2)cc1,inactive,597.6910000000003,3.4631000000000007,4.0,6.0,5.0
CHEMBL3907954,CCOc1ccc(C[C@@H](NC(=O)c2ccccn2)C(=O)N[C@@H](Cc2ccccc2)C(=O)NCc2ccc(CN)c(F)c2)cc1,inactive,597.6910000000003,3.4631000000000007,4.0,6.0,5.0
CHEMBL3972387,CCOc1ccc(CC(=O)CN(CCC(N)=O)[C@@H](Cc2cccnc2)C(=O)NCc2ccc(CN)cc2)cc1,inactive,531.6570000000003,2.155700000000002,3.0,7.0,5.0
CHEMBL3901543,CCOc1ccc(C[C@@H](NC(=O)CC(F)(F)F)C(=O)N[C@@H](Cc2ccc(Cl)c(Cl)c2)C(=O)NCc2ccc(CN)cc2)cc1,inactive,653.529,4.874400000000003,4.0,5.0,5.0
CHEMBL3915003,CCOc1ccc(C[C@@H](NC(=O)c2ccc(Cl)cc2)C(=O)N[C@@H](Cc2cccnc2)C(=O)NCc2ccc(CN)cc2)cc1,inactive,614.1460000000001,3.977400000000002,4.0,6.0,5.0
CHEMBL3946450,CCOc1ccc(C[C@@H](NC(=O)c2ccno2)C(=O)N[C@@H](Cc2cccnc2)C(=O)NCc2ccc(CN)cc2)cc1,inactive,570.6500000000002,2.312000000000001,4.0,8.0,5.0
CHEMBL3924027,CCOc1ccc(C[C@@H](NC(=O)c2sccc2Cl)C(=O)N[C@@H](Cc2cccnc2)C(=O)NCc2ccc(CN)cc2)cc1,inactive,620.1750000000001,4.038900000000003,4.0,7.0,5.0
CHEMBL3951729,CCOc1ccc(C[C@@H](NC(=O)c2ccccc2)C(=O)N[C@@H](Cc2c[nH]c3ccccc23)C(=O)NCc2ccc(CN)cc2)cc1,inactive,617.7500000000001,4.410300000000002,5.0,5.0,5.0
CHEMBL3936497,CCOc1ccc(C[C@@H](NC(=O)c2ccccc2)C(=O)N[C@@H](Cc2c[nH]cn2)C(=O)NCc2ccc(CN)cc2)cc1,inactive,568.6780000000002,2.6521000000000017,5.0,6.0,5.0
CHEMBL3960440,CCOc1ccc(C[C@@H](NC(=O)c2ccncc2)C(=O)N[C@@H](Cc2csc3ccccc23)C(=O)NCc2ccc(CN)cc2)cc1,inactive,635.7900000000001,4.538700000000003,4.0,7.0,5.0
CHEMBL3974793,CCOc1ccc(C[C@@H](NC(=O)c2ccccc2)C(=O)N[C@@H](Cc2ccccc2F)C(=O)NCc2ccc(CN)cc2)cc1,inactive,596.7030000000001,4.068100000000002,4.0,5.0,5.0
CHEMBL3907953,CCOc1ccc(C[C@@H](NC(=O)c2sccc2C)C(=O)N[C@@H](Cc2cccnc2)C(=O)NCc2ccc(CN)cc2)cc1,inactive,599.7570000000001,3.693920000000001,4.0,7.0,5.0
CHEMBL3981495,CCOc1ccc(C[C@@H](NC(=O)c2ccccc2)C(=O)N[C@@H](Cc2ccccc2)C(=O)NCc2ccc(CN)c(C)c2)cc1,inactive,592.7400000000001,4.237420000000002,4.0,5.0,5.0
CHEMBL3898924,CCOc1ccc(C[C@@H](NC(=O)c2sccc2N)C(=O)N[C@@H](Cc2cscn2)C(=O)NCc2ccc(CN)cc2)cc1,inactive,606.7740000000001,3.0292000000000003,5.0,9.0,5.0
CHEMBL3970116,CCOc1ccc(C[C@@H](NC(=O)c2sccc2Cl)C(=O)N[C@@H](Cc2cscn2)C(=O)NCc2ccc(CN)cc2)cc1,inactive,626.2040000000001,4.100400000000002,4.0,8.0,5.0
CHEMBL3893526,CCOc1ccc(C[C@@H](NC(=O)c2ccc(C)cc2)C(=O)N[C@@H](Cc2cscn2)C(=O)NCc2ccc(CN)cc2)cc1,inactive,599.7570000000001,3.693920000000001,4.0,7.0,5.0
CHEMBL3953778,CCOc1ccc(C[C@@H](NC(=O)c2sccc2NC(C)=O)C(=O)N[C@@H](Cc2csc3ccccc23)C(=O)NCc2ccc(CN)cc2)cc1,inactive,697.8829999999999,5.163600000000003,5.0,8.0,5.0
CHEMBL3915715,CCOc1ccc(C[C@@H](NC(=O)c2cccc(C)c2)C(=O)N[C@@H](Cc2cccnc2)C(=O)NCc2ccc(CN)cc2)cc1,inactive,593.7280000000002,3.6324200000000015,4.0,6.0,5.0
CHEMBL3891181,CCOc1ccc(C[C@@H](NC(=O)c2ccccc2C)C(=O)N[C@@H](Cc2cccnc2)C(=O)NCc2ccc(CN)cc2)cc1,inactive,593.7280000000002,3.6324200000000015,4.0,6.0,5.0
CHEMBL3906296,CCOc1ccc(C[C@@H](NC(=O)c2[nH]c(C)cc2C)C(=O)N[C@@H](Cc2ccccc2)C(=O)NCc2ccc(CN)cc2)cc1,inactive,595.7440000000001,3.873940000000001,5.0,5.0,5.0
CHEMBL3973781,CCOc1ccc(C[C@@H](NC(=O)c2ccccc2)C(=O)N[C@@H](Cc2cccnc2)C(=O)NCc2ccc(CN)c(C)c2)cc1,inactive,593.7280000000002,3.6324200000000015,4.0,6.0,5.0
CHEMBL3897326,CCOc1ccc(C[C@@H](NC(=O)c2sccc2NC(C)=O)C(=O)N[C@@H](Cc2ccsc2)C(=O)NCc2ccc(CN)cc2)cc1,inactive,647.823,4.0104000000000015,5.0,8.0,5.0
CHEMBL3911842,CCOc1ccc(C[C@@H](NC(=O)c2ccccc2)C(=O)N[C@H](C(=O)NCc2ccc(CN)cc2)[C@H](O)c2ccccc2)cc1,inactive,594.7120000000003,3.419900000000001,5.0,6.0,5.0
CHEMBL3971915,CCOc1ccc(C[C@@H](NC(=O)c2ccc(C)cc2)C(=O)N[C@@H](Cc2cccnc2)C(=O)NCc2ccc(CN)cc2)cc1,inactive,593.7280000000002,3.6324200000000015,4.0,6.0,5.0
CHEMBL3938219,NCc1ccc(CNC(=O)[C@H](Cc2ccccc2)NC(=O)C(Cc2ccc(OCC(F)(F)F)cc2)NC(=O)c2ccccc2)cc1,inactive,632.6830000000002,4.471400000000004,4.0,5.0,5.0
CHEMBL4453014,Cn1c(C(=O)Nc2ccc(C(=N)N)cc2)nc2ccccc21,inactive,293.33000000000004,2.1096699999999995,3.0,4.0,3.700000003258169
CHEMBL4588725,N=C(N)c1ccc(NCc2nc3ccccc3[nH]2)cc1,inactive,265.32,2.4590700000000005,4.0,3.0,4.399999967876858
CHEMBL4549483,COc1ccc2[nH]c(CNc3ccc(C(=N)N)cc3)nc2c1,inactive,295.34600000000006,2.46767,4.0,4.0,4.499999953328896
CHEMBL4516830,Cl.Cn1ccnc1CNc1ccc(C(=N)N)cc1,inactive,229.28700000000003,1.3162699999999998,3.0,4.0,3.4000000006038094
CHEMBL4461888,Cl.N=C(N)c1ccc(NCc2ncc[nH]2)cc1,inactive,215.26000000000002,1.3058700000000003,4.0,3.0,4.200000030616179
CHEMBL4440409,N=C(N)c1ccc(NCc2nc(-c3ccccc3)c[nH]2)cc1,inactive,291.358,2.9728700000000012,4.0,3.0,4.600000074606178
CHEMBL4464565,CC(C)COc1cc(NCc2nc(-c3ccccc3)c[nH]2)ccc1C(=N)N.O=CO,inactive,363.46500000000003,4.007670000000001,4.0,4.0,4.100000018985305
CHEMBL4468959,N=C(N)c1ccc(NCc2nc(-c3ccccc3)c[nH]2)cc1OCC1CC1.O=CO,inactive,361.4490000000002,3.7616700000000023,4.0,4.0,4.300000029139088
CHEMBL4441078,N=C(N)c1ccc(NCc2nc(-c3ccccc3)c[nH]2)cc1OCCC1CC1,inactive,375.4760000000002,4.1517700000000035,4.0,4.0,4.300000029139088
CHEMBL4435901,Cl.N=C(N)c1ccc(NCc2nc(-c3ccccc3)c[nH]2)cc1OCCO,inactive,351.41000000000014,2.343970000000001,5.0,5.0,4.100000018985305
CHEMBL4452027,CN(C)CCOc1cc(NCc2nc(-c3ccccc3)c[nH]2)ccc1C(=N)N,inactive,378.48,2.91327,4.0,5.0,4.100000018985305
CHEMBL4535831,N=C(N)c1ccc(NCc2nc(-c3ccccc3)c[nH]2)cc1OCc1ccccc1,inactive,397.48200000000014,4.551870000000004,4.0,4.0,4.600000074606178
CHEMBL4517626,Cl.N=C(N)c1ccc(NCc2nc(-c3ccccc3)c[nH]2)cc1OCc1ccccn1,inactive,398.47000000000014,3.946870000000003,4.0,5.0,4.70000006855703
CHEMBL4530083,N=C(N)c1ccc(NCc2nc(-c3ccccc3)c[nH]2)cc1OCc1cccnc1,inactive,398.47000000000014,3.946870000000003,4.0,5.0,4.200000030616179
CHEMBL4576787,Cl.N=C(N)c1ccc(NCc2nc(-c3ccccc3)c[nH]2)cc1OCc1ncccn1,inactive,399.45800000000014,3.341870000000002,4.0,6.0,4.399999967876858
CHEMBL4593503,N=C(N)c1ccc(NCc2nc(-c3ccccc3)c[nH]2)cc1OCc1ncco1,inactive,388.43100000000015,3.5398700000000023,4.0,6.0,4.900000142057633
CHEMBL4524559,N=C(N)c1ccc(NCc2nc(-c3ccccc3)c[nH]2)cc1OCC(N)=O.O=CO,inactive,364.40900000000016,1.83697,5.0,5.0,4.300000029139088
CHEMBL4466736,CNC(=O)COc1cc(NCc2nc(-c3ccccc3)c[nH]2)ccc1C(=N)N.O=CO,inactive,378.43600000000004,2.09767,5.0,5.0,4.499999953328896
CHEMBL4452547,N=C(N)c1ccc(NCc2nc(-c3ccccc3)c[nH]2)cc1OCC(=O)NC1CC1,inactive,404.4740000000002,2.630270000000001,5.0,5.0,4.800000052738446
CHEMBL4560975,Cl.N=C(N)c1ccc(COc2cccc3c2B(O)OC3)cc1,inactive,282.108,0.7673700000000001,3.0,4.0,3.3000000031431456
CHEMBL4569255,Cl.N=C(N)c1cccc(COc2ccc3c(c2)B(O)OC3)c1,inactive,282.108,0.7673700000000001,3.0,4.0,3.7999999979341847
CHEMBL4520761,Cl.N=C(N)c1ccc(COc2ccc3c(c2)B(O)OC3)cc1,inactive,282.108,0.7673700000000001,3.0,4.0,4.399999967876858
CHEMBL4458035,Cl.N=C(N)c1ccc(OCc2ccc3c(c2)B(O)OC3)cc1,inactive,282.108,0.7673700000000001,3.0,4.0,5.0
CHEMBL4572808,Cl.N=C(N)c1ccc(Oc2ccc3c(c2)B(O)OC3)cc1,inactive,268.08099999999996,0.9806700000000002,3.0,4.0,4.600000074606178
CHEMBL4458545,Cl.N=C(N)c1ccc(COc2ccc3c(c2)COB3O)cc1,inactive,282.108,0.7673700000000001,3.0,4.0,3.7999999979341847
CHEMBL4514992,Cl.N=C(N)c1ccc(C2OB(O)c3ccccc32)cc1,inactive,252.082,0.7777700000000001,3.0,3.0,4.100000018985305
CHEMBL4559317,Cl.N=C(N)c1cccc(C2Cc3ccccc3B(O)O2)c1,active,266.109,0.9721700000000004,3.0,3.0,6.299997602857746
CHEMBL4465992,Cl.N=C(N)c1ccc(C2Cc3ccccc3B(O)O2)cc1,inactive,266.109,0.9721700000000004,3.0,3.0,5.0
CHEMBL4456068,Cl.N=C(N)c1ccc(NCC2Cc3ccccc3B(O)O2)cc1,inactive,295.151,0.7115699999999998,4.0,4.0,5.0
CHEMBL4440493,Cl.N=C(N)c1ccc(C2CCCB(O)O2)cc1,inactive,218.06499999999997,1.3026700000000002,3.0,3.0,4.200000030616179
CHEMBL4579813,Cl.N=C(N)c1ccc(C2Cc3ccccc3B(O)O2)cc1OCc1cccnc1,inactive,373.2210000000001,1.9461700000000004,3.0,5.0,4.499999953328896
CHEMBL4535907,Cl.N=C(N)c1ccc(C2Cc3ccccc3B(O)O2)cc1OCc1ccccc1Cl,active,406.6780000000001,3.204570000000002,3.0,4.0,6.199998172182031
CHEMBL4436048,Cl.N=C(N)c1ccc(CC2OB(O)c3ccccc32)cc1OCc1cccnc1,inactive,373.2210000000001,1.94617,3.0,5.0,3.4999999945296856
CHEMBL4460168,Cc1cccc2c1B(O)OC(c1ccc(C(=N)N)c(OCc3cccnc3)c1)C2.Cl,inactive,387.24800000000016,2.2545900000000003,3.0,5.0,5.0
CHEMBL4464120,Cl.N=C(N)c1ccc(C2Cc3ccc(F)cc3B(O)O2)cc1OCc1cccnc1,inactive,391.2110000000001,2.0852700000000004,3.0,5.0,5.0
CHEMBL4447752,Cl.N=C(N)c1ccc(C2Cc3ccc(C(F)(F)F)cc3B(O)O2)cc1OCc1cccnc1,active,441.21800000000013,2.964970000000002,3.0,5.0,6.399996913372259
CHEMBL4473069,Cl.N=C(N)c1ccc(CC2OB(O)c3cc(C(F)(F)F)ccc32)cc1OCc1cccnc1,inactive,441.21800000000013,2.964970000000002,3.0,5.0,5.0
CHEMBL4448315,Cl.N=C(N)c1ccc(CC2OB(O)c3ccc(F)cc32)cc1OCc1cccnc1,inactive,391.2110000000001,2.0852700000000004,3.0,5.0,5.0
CHEMBL4536142,Cc1ccc2c(c1)C(Cc1ccc(C(=N)N)c(OCc3cccnc3)c1)OB2O.Cl,inactive,387.24800000000005,2.2545900000000008,3.0,5.0,5.0
CHEMBL4547455,COc1ccc2c(c1)C(Cc1ccc(C(=N)N)c(OCc3cccnc3)c1)OB2O.Cl,inactive,403.24700000000007,1.9547699999999995,3.0,6.0,5.0
CHEMBL4558285,Cl.N=C(N)c1ccc([C@H]2Cc3ccc(C(F)(F)F)cc3B(O)O2)cc1OCc1cccnc1,active,441.21800000000013,2.964970000000002,3.0,5.0,6.599997654072044
CHEMBL4515268,N=C(N)c1ccc(NC(=O)c2ccccc2O)cc1.O=CO,inactive,255.27700000000002,1.9285700000000001,4.0,3.0,4.900000142057633
CHEMBL4483704,N=C(N)c1ccc(NC(=O)c2cccc(Cl)c2O)cc1.O=C(O)C(F)(F)F,active,289.722,2.58197,4.0,3.0,6.199998172182031
CHEMBL4476246,COc1cccc(C(=O)Nc2ccc(C(=N)N)cc2)c1O,active,285.303,1.9371699999999996,4.0,4.0,6.499996931948306
CHEMBL4526462,CCOc1cccc(C(=O)Nc2ccc(C(=N)N)cc2)c1O.Cl,active,299.33000000000004,2.32727,4.0,4.0,6.900008766455316
CHEMBL4469753,N=C(N)c1ccc(NC(=O)c2ccccc2O)cc1F.O=CO,inactive,273.267,2.0676699999999997,4.0,3.0,4.900000142057633
CHEMBL4584434,COc1cccc(C(=O)Nc2ccc(C(=N)N)c(F)c2)c1O.O=CO,active,303.293,2.0762699999999996,4.0,4.0,6.599997654072044
CHEMBL4585609,Cn1cccc(C(=O)Nc2ccc(C(=N)N)cc2)c1=O.O=CO,inactive,270.29200000000003,0.9216700000000002,3.0,4.0,3.3000000031431456
CHEMBL4467450,N=C(N)c1ccc(NC(=O)C2CCCNC2=O)cc1,inactive,260.29699999999997,0.43536999999999987,4.0,3.0,3.3000000031431456
CHEMBL4450431,N=C(N)c1ccc(NC(=O)N2CCCNC2=O)cc1,inactive,261.28499999999997,0.9178700000000001,4.0,3.0,3.2000000030837636
CHEMBL4853943,CC(C)(C)c1ccc(O)c(C(=O)Nc2ccc(CN)cc2)c1.Cl,inactive,298.38599999999997,3.4007000000000014,3.0,3.0,4.413412695328245
CHEMBL4847066,Cc1ccc(C(=O)Nc2ccc(CN)cc2)c(O)c1.Cl,inactive,256.305,2.41162,3.0,3.0,4.580044251510242
CHEMBL4852575,Cl.NCc1ccc(NC(=O)c2ccc3ccccc3c2O)cc1,inactive,292.338,3.256400000000001,3.0,3.0,4.671620396561262
CHEMBL4862261,COc1ccc2c(O)c(C(=O)Nc3ccc(CN)cc3)ccc2c1.Cl,inactive,322.36400000000003,3.2650000000000006,3.0,4.0,4.79317412396815
CHEMBL4852387,Cc1ccc2ccc(C(=O)Nc3ccc(CN)cc3)c(O)c2c1.Cl,inactive,306.36500000000007,3.564820000000001,3.0,3.0,4.306273051076353
CHEMBL5095248,COCc1nn(Cc2ccc(Cn3ccccc3=O)cc2)cc1C(=O)NCc1nccc(OC)c1F,inactive,491.52300000000025,2.7605000000000013,1.0,8.0,4.3979400086720375
CHEMBL3617968,CC(=O)C1=C(C)N(c2cccc(C(F)(F)F)c2)C(=O)N[C@@H]1c1ccc(C#N)nc1,inactive,400.36000000000007,4.105980000000003,1.0,4.0,4.522878745280337
CHEMBL3897372,Cc1cc(C)n(Cc2ccc(Cn3cc(C(=O)NCc4c(C)cc(N)nc4C)nn3)cc2)n1,inactive,444.5430000000002,2.7120800000000003,2.0,8.0,4.3979400086720375
CHEMBL5095064,COCc1nn(Cc2ccc(Cn3cc(F)ccc3=O)cc2)cc1C(=O)NCc1nccc(OC)c1F,inactive,509.51300000000026,2.8996000000000013,1.0,8.0,4.3979400086720375
CHEMBL5276515,Nc1nn(Cc2ccc(Cn3ccccc3=O)cc2)cc1C(=O)NCCOc1cccc(Cl)c1,active,477.9520000000002,3.1858000000000004,2.0,7.0,8.537602002101044
CHEMBL5277609,CCOc1ccc(C[C@@H](NC(=O)CC)C(=O)N[C@@H](Cc2ccccc2)C(=O)NCc2ccc(CN)cc2)cc1,active,530.6690000000003,3.0252000000000008,4.0,5.0,6.0
